Observation,Random Variable 
1,0.173747288
2,0.463031141
3,0.693841082
4,0.233414288
5,0.596300586
6,0.172600508
7,0.897228806
8,0.763689711
9,0.735305597
10,0.117421671
11,0.726532226
12,0.119194264
13,0.569152713
14,0.346373278
15,0.729883965
16,0.506971887
17,0.962934671
18,0.638475489
19,0.969236831
20,0.845969867